"As the dog bounded across the lawn, its tail wagging wildly, it chased after a squirrel that darted up the trunk of a nearby oak tree.",True
"As the owner walked through the front door, the dog's tail began wagging excitedly as it let out a series of joyful yips and ran to greet them with a sloppy, loving kiss.",True
"The dog, a nervous and fidgety little terrier, whined and trembled as the veterinarian examined him on the cold metal table.",True
"A fluffy golden retriever is running around the backyard, chasing after a ball that its owner had tossed across the lawn.",True
"As the sun beat down on the shore, a playful golden retriever ran along the beach, its tail wagging wildly as it chased after seagulls.",True
"As the dog's tail wagged excitedly, it gently approached the new puppy, who was taking its first tentative steps in the backyard, and gave it a friendly lick on the head.",True
"As the sun beat down on the sandy shore, a playful golden retriever ran wildly along the beach, chasing after seagulls and splashing in the waves.",True
The sneaky dog managed to snatch a bag of chips right off the kitchen counter when no one was looking.,True
"The dog ran excitedly through the deep snow, its little paws leaving tiny tracks in the pristine white landscape.",True
"The dog reluctantly stepped into the bathtub, its tail tucked between its legs as the warm water and shampoo awaited.",True
The dog whimpered and trembled with fear as the loud thunder boomed outside and flashes of lightning illuminated the dark sky.,True
"The hungry dog sat by its food bowl, its tail wagging anxiously as it waited for its owner to serve dinner.",True
"The dog was sprawled out on its side, fast asleep with its tail occasionally twitching as it chased after dream squirrels.",True
"As the dog's tail wagged excitedly, it gently approached the playful little puppy, who was tumbling around on the floor with an adorable bundle of energy.",True
The energetic puppy quickly picked up the new trick of sitting on command after just a few minutes of patient training from its owner.,True
The sneaky dog managed to snatch a cookie right off the counter when no one was looking.,True
"The dog was curled up in a ball, fast asleep on its favorite cushion, surrounded by the warm glow of the evening sun.",True
"As the car wound its way through the rolling hills, the dog stuck its head out the window, ears flapping and tongue lolling in the warm breeze.",True
"The dog reluctantly stepped into the bathtub, its tail hung low in anticipation of the impending bath.",True
"The dog lay sprawled across its dog bed, its gentle snores and twitching paws indicating a deep and peaceful sleep.",True
"The dog sat nervously on the examination table, its tail tucked between its legs as the veterinarian prepared to give it a shot.",True
"The dog sat by his food bowl, his tail wagging anxiously as he waited for his owner to fill it with his favorite dinner.",True
"The dog sat patiently by its food bowl, its tail wagging excitedly as it waited for its owner to serve its dinner.",True
"A fluffy brown dog named Max sprinted across the lawn, his tail wagging wildly as he chased a quick and agile squirrel up a tall oak tree.",True
"The dog stood by its food bowl, its tail wagging excitedly as it waited for its owner to fill it with dinner.",True
"The excited dog ran to the door, its tail wagging furiously as it greeted its owner with a joyful bark and a sloppy lick on the hand.",True
"A frantic dog tore across the lawn, its tail wagging wildly as it chased a quick and agile squirrel up a nearby tree.",True
"As the owner walked through the front door, the dog's tail began wagging excitedly as it let out a joyful yelp and rushed to greet them with a sloppy, affectionate kiss.",True
"A playful dog ran along the shoreline, its tail wagging excitedly as it chased after seagulls and played in the waves.",True
"As the snowflakes gently fell around him, the dog ran and jumped with abandon, his tail wagging wildly as he reveled in the winter wonderland.",True
"The energetic golden retriever ran circles around its owner at the dog park, its tail wagging wildly as it chased after a ball.",True
"As the family set off on their cross-country road trip, their excited dog, Max, stuck his head out the window, ears flapping in the wind, and let out a joyful bark.",True
"The anxious dog sat quietly on the examination table, its tail tucked between its legs as the veterinarian prepared to give it a check-up.",True
"As the snowflakes gently fell around him, the dog ran and played, his little paws leaving tiny tracks in the pristine white blanket that covered the ground.",True
"The furry companion lay stretched out on its side, paws twitching slightly as it let out a gentle snore in a peaceful slumber.",True
"The excited, tail-wagging passenger stuck its head out the car window, ears flapping in the wind, as the family set off on their adventure across the country.",True
The enthusiastic furry companion was slowly mastering the art of rolling over on command with the help of patient training and tasty rewards.,True
"The furry, four-legged family member stood nervously beside the tub, its tail tucked between its legs, as the sound of running water signaled the start of its dreaded bathing ritual.",True
The energetic furry creature sprinted across the lawn in pursuit of a bushy-tailed squirrel that had darted up a nearby tree.,True
"The furry, four-legged family member stood nervously in the tub, trying to avoid the impending deluge of warm water and shampoo.",True
"The mischievous furry household member was caught red-pawed, sneaking a snack from the kitchen counter with its tail tucked between its legs.",True
The mischievous four-legged family member snatched a cookie right off the kitchen counter when no one was looking.,True
"The furry creature bounded through the deep snow, its tail wagging wildly as it left a trail of tiny footprints behind.",True
"The mischievous household pet, with its wagging tail and stealthy movements, managed to snatch a sandwich right off the kitchen counter.",True
"The energetic, tail-wagging companion ran freely around the fenced-in area, playing with its new friends and enjoying the fresh air and sunshine.",True
The mischievous household pet snuck onto the kitchen counter and snatched a freshly baked cookie before anyone could stop it.,True
"The mischievous household pet snuck onto the counter and snatched a freshly baked cookie, making a quick escape with its prize.",True
"The older, tail-wagging companion cautiously approached the tiny, energetic ball of fluff that had just entered the household, sniffing curiously at its new playmate.",True
"The gentle, long-time resident of the house, with its wagging tail and floppy ears, cautiously approached the tiny, playful newcomer, sniffing and exploring this new ball of energy and curiosity.",True
"The nervous animal, its tail tucked between its legs, whined softly as it lay on the examination table, awaiting the veterinarian's diagnosis.",True
"The furry, four-legged creature bounded through the deep snow, its tail wagging excitedly as it played in the winter wonderland.",True
"The nervous, tail-wagging creature lay quietly on the examination table, its big brown eyes fixed anxiously on the veterinarian's gentle hands.",True
"The nervous animal trembled on the examination table, its tail tucked between its legs as the veterinarian prepared to give it a vaccination.",True
"The gentle, seasoned companion, with its wagging tail and inquisitive nature, cautiously approached the playful, ball-of-fluff newcomer, sniffing and circling to determine their compatibility.",True
"The furry patient lay nervously on the examination table, its tail wagging anxiously as the veterinarian prepared to administer a vaccination.",True
"A furry, four-legged creature darted across the lawn in hot pursuit of a bushy-tailed squirrel that was frantically scampering up a nearby tree.",True
"The gentle, older companion, with its wagging tail and floppy ears, cautiously approached the playful, little ball of fur that had just entered its territory.",True
"The furry creature bounded through the drifting snowflakes, its tail wagging excitedly as it left a trail of tiny footprints in the pristine winter landscape.",True
"The older furry friend cautiously approached the playful ball of fluff that had just entered the house, sniffing and wagging its tail in curiosity.",True
"The furry creature bounded through the drifts, its tail wagging wildly as it left tiny prints in the pristine winter landscape.",True
"The excited animal, with its wagging tail and floppy ears, darted across the lawn in hot pursuit of a quick and agile squirrel.",True
"The energetic, tail-wagging resident of the house was introduced to a playful, snuggly newcomer with a fluffy coat and an abundance of curiosity.",True
"The furry creature with the wagging tail and floppy ears is currently running around the yard, chasing after a ball.",True
"As the family set off on their cross-country adventure, their faithful four-legged companion stuck its head out the window, ears flapping in the wind.",True
"A furry, four-legged companion is currently running around the yard, chasing after a ball and barking joyfully.",True
The furry household pet tore across the lawn in frantic pursuit of the bushy-tailed creature darting up the nearby oak tree.,True
"The frightened animal trembled with anxiety as it lay on the examination table, its tail tucked between its legs.",True
"The faded black and white photograph, creased and worn from years of handling, captured a moment in time that had long since passed, yet still seemed to hold a deep and abiding significance.",False
"The birthday party was filled with laughter and excitement as friends and family gathered to celebrate another year of life with cake, games, and thoughtful gifts.",False
"The dark clouds gathered quickly, unleashing a torrent of rain that pounded against the windows and roofs of the city, causing flash flooding and power outages throughout the neighborhood.",False
The highway was completely blocked due to a massive traffic jam caused by a multi-vehicle accident during rush hour.,False
"The stock market is a complex and dynamic system where stocks, bonds, and other securities are traded, often influenced by a wide range of factors including economic trends, company performance, and global events.",False
"As I climbed higher up the mountain, the air grew cooler and the trees gave way to rocky outcroppings and breathtaking views of the valley below.",False
"The city street was lined with tall skyscrapers, bustling storefronts, and the constant hum of traffic that filled the air.",False
"The library was a quiet and peaceful place with rows upon rows of books, offering a vast array of knowledge and stories for visitors to explore.",False
"The highway was completely blocked due to a multi-vehicle accident, causing a massive traffic jam that stretched for miles in every direction.",False
"The faded black and white photograph, tucked away in a dusty attic trunk, revealed a glimpse of a bygone era, its subjects' faces frozen in time with enigmatic smiles.",False
"The dark sky unleashed a torrent of rain that pounded against the pavement, creating a rhythmic melody that seemed to calm the city.",False
The aroma of freshly brewed coffee filled the air as she lifted the steaming cup to her lips.,False
"The spaceship, with its sleek metallic hull and vibrant blue engines, soared through the galaxy at incredible speeds, leaving a trail of glittering stardust in its wake.",False
"As I climbed higher up the mountain, the dense forest gave way to a breathtaking vista of rolling hills and sparkling waterfalls.",False
"The stock market is a complex system where investors buy and sell shares of publicly traded companies, with prices fluctuating based on supply and demand, economic trends, and company performance.",False
"The stock market is a complex and dynamic system where stocks, bonds, and other securities are bought and sold, influencing the overall economy and individual investors' financial well-being.",False
"The city street was lined with tall skyscrapers, bustling restaurants, and old street lamps that cast a warm glow over the crowded sidewalk.",False
"The city street was lined with tall trees, quaint shops, and old streetlights that cast a warm glow over the bustling sidewalk.",False
"The highway was completely gridlocked due to a multi-vehicle accident, causing a massive traffic jam that stretched for miles.",False
"The sleek, silver spaceship soared through the galaxy, its engines burning brightly as it traveled to a distant planet.",False
"The aroma of freshly brewed coffee wafted up from the cup, enticing everyone in the room with its rich and inviting scent.",False
"The dark sky unleashed a torrent of rain that pounded against the pavement, creating a rhythmic melody that was both calming and intense.",False
"The spaceship, with its sleek silver hull and vibrant blue engines, soared through the depths of space, leaving a trail of glittering stardust in its wake.",False
"The faded black and white photograph, torn and creased with age, depicted a smiling young couple standing in front of a vintage automobile, their faces and clothing a testament to a bygone era.",False
"The steaming cup of coffee sat on the desk, its rich aroma filling the air and tempting anyone who passed by to take a sip.",False
"As I climbed higher up the mountain, the air grew thinner and the breathtaking views of the valley below became increasingly spectacular.",False
"The stock market is a complex and dynamic system where publicly traded companies' shares are bought and sold, often influenced by a wide range of economic, social, and political factors.",False
"The dark sky unleashed a torrent of rain that pounded against the pavement, drumming out a relentless rhythm that seemed to shake the very foundations of the city.",False
The highway was completely blocked due to a massive traffic jam caused by a multivehicle accident during rush hour.,False
"The old photograph, with its faded colors and worn edges, depicted a group of smiling faces gathered around a vintage automobile on a long-forgotten summer day.",False
"The aroma of freshly brewed coffee filled the air as she lifted the warm cup to her lips, feeling the rich flavors and soothing warmth it was about to bring.",False
"The dark sky was filled with heavy clouds that poured down a torrent of rain, accompanied by loud claps of thunder and flashes of brilliant lightning.",False
"The faded black-and-white photograph, taken decades ago, showed a group of smiling children standing in front of a old, rustic house surrounded by towering trees.",False
"The dog was running rapidly around the backyard, chasing after a ball that it had just retrieved from beneath a large oak tree.",True
The terrified dog whimpered and cowered under the bed as the loud thunder boomed and the bright lightning flashed outside.,True
"The dog stood by its food bowl, its tail wagging excitedly as it waited for its owner to serve its dinner.",True
"As the sun shone down on the dog park, a playful golden retriever ran circles around its owner, wagging its tail with unbridled joy.",True
The dog's tail wagged excitedly as it finally mastered the command to shake hands with its owner after weeks of patient practice and rewarding treats.,True
"A playful dog ran around the park, chasing after sticks and balls thrown by its excited owner.",True
"The dog stood by his food bowl, his tail wagging anxiously as he waited for his owner to serve his dinner.",True
"The dog whimpered nervously as it lay on the cold examination table at the vet's office, its tail tucked between its legs.",True
"A playful golden retriever ran around the park, chasing after sticks and bringing joy to everyone around it.",True
"With patience and practice, the eager puppy finally mastered the trick of sitting on command, its tail wagging excitedly as it awaited its well-deserved reward.",True
"The dog was peacefully sleeping on its favorite cushion, surrounded by the warm glow of the evening sun streaming through the window.",True
The mischievous dog snuck into the kitchen and snatched a freshly baked cookie right off the counter.,True
"As the family set off on their cross-country road trip, their excited dog, Max, stuck his head out the window, ears flapping in the wind.",True
"As the sun shone brightly, a playful golden retriever ran along the shoreline, its tail wagging wildly as it chased after seagulls and played in the waves.",True
"As the snowflakes gently fell, a playful dog bounded through the winter landscape, its paws leaving a trail of footprints in the pristine white blanket.",True
"A playful golden retriever ran around the park, chasing after a ball that its owner had thrown for it to catch.",True
"The dog was sprawled out on its side, fast asleep, with its tail occasionally twitching as it chased after dream squirrels.",True
"A playful golden retriever ran around the park, chasing after sticks and balls thrown by its enthusiastic owner.",True
The sneaky dog snuck into the kitchen and quickly snatched a freshly baked cookie right off the counter.,True
"As the sun shone brightly, a playful golden retriever ran around the park, chasing after a ball and bringing joy to everyone around it.",True
"As the car wound its way down the highway, the dog stuck its head out the window, tongue flapping in the wind, taking in the sights and sounds of the open road.",True
"As the sun shone brightly, a playful golden retriever ran along the shoreline, its tail wagging wildly as it chased after seagulls and splashed in the waves.",True
"The dog, tail wagging excitedly, ran to greet its owner at the front door with a joyful bark and a sloppy lick on the hand.",True
"The dog sat by its bowl, its tail wagging anxiously as it awaited the sound of its owner opening the can of dinner in the kitchen.",True
"With patience and practice, the eager puppy finally mastered the art of shaking paws with its enthusiastic owner.",True
"The excited dog ran to the door, its tail wagging furiously as it greeted its owner with a joyful bark and a sloppy lick on the hand.",True
"With patience and consistent training, the eager puppy quickly learned to sit on command and eagerly awaited the reward of a tasty treat.",True
The sneaky dog snuck into the kitchen and quickly snatched a cookie right off the counter before anyone could stop him.,True
"As the loud thunder boomed outside, the nervous dog curled up tightly beside its owner, seeking comfort and reassurance during the intense storm.",True
"The dog ran around the backyard, chasing after a ball that had been tossed by its excited owner.",True
"The sneaky dog managed to snatch a cookie right off the counter when no one was looking, and then ran out of the room with his prize.",True
"The dog was running around excitedly in the backyard, chasing after a ball that had been tossed across the lawn.",True
"A playful golden retriever ran around the dog park, chasing after a ball and barking joyfully with its new canine friends.",True
"The dog lay stretched out on its side, fast asleep, its gentle snores filling the quiet room.",True
"As the front door swung open, the excited bundle of fur rushed forward, tail wagging furiously, to lavish affection on its returning owner.",True
"The furry four-legged companion eagerly sat up on its hind legs, balancing a treat on its nose as it mastered the new trick with patience and practice.",True
The furry family member's tail wagged excitedly as it sniffed and licked the playful little ball of fluff that had just entered its life.,True
"The furry, four-legged companion bounded enthusiastically through the drifts, its tail wagging wildly as it played in the freshly fallen snow.",True
"The gentle, longstanding resident of the house, with its fluffy coat and wagging tail, curiously approached the tiny, playful newcomer that had just entered the family.",True
"The furry companion lay sprawled across the couch, its gentle snores filling the room as it slept peacefully.",True
"The furry companion stuck its head out the car window, ears flapping in the wind as the family traveled down the highway to their vacation destination.",True
"As the front door opened, the wagging bundle of fur rushed to greet its owner with a joyful bark and a sloppy, loving nuzzle.",True
"The furry, four-legged creature with a wagging tail and floppy ears is currently basking in the warm sunlight that streams through the fence in the backyard.",True
"The nervous animal, its tail tucked between its legs, whined softly as it sat on the examination table, awaiting the veterinarian's diagnosis.",True
"The furry family pet stood nervously in the tub, its tail wagging slightly as the warm water and shampoo were applied to its dirty coat.",True
"The energetic ball of fur, with its wagging tail and joyful barks, ran freely alongside its owner at the pet recreation area.",True
"The furry patient lay nervously on the examination table, its tail wagging anxiously as the veterinarian prepared to give it a shot.",True
"The furry patient lay nervously on the examination table, its tail wagging slightly as the veterinarian prepared to give it a shot.",True
The mischievous household pet with a wagging tail and floppy ears was notorious for snatching unattended snacks from the kitchen counter.,True
"The energetic, tail-wagging companion darted across the lawn in hot pursuit of a quick and agile squirrel.",True
"As the family set off on their adventure, their furry four-legged companion stuck its head out the window, ears flapping in the wind, taking in the sights and sounds of the open road.",True
"The curious, floppy-eared companion approached the tiny, wagging ball of fluff with caution, sniffing and whining softly as it tried to decide whether to play or be protective.",True
"The frightened family pet cowered under the bed, its tail tucked between its legs, as the loud thunder boomed outside and flashes of lightning illuminated the dark sky.",True
"The frightened animal cowered under the bed, its tail tucked between its legs, as the loud thunder boomed and flashes of lightning illuminated the darkened room.",True
"The furry creature ran enthusiastically around the green grass, chasing after a ball thrown by its happy owner.",True
"The energeticball of fur, with its wagging tail and joyful yips, ran circles around its owner at the popular off-leash recreation area.",True
"A furry, four-legged friend with a wagging tail and a joyful bark bounded through the deep, sparkling snowflakes, its little paws leaving tiny tracks in the pristine winter landscape.",True
"The energetic ball of fluffy fur, with its wagging tail and joyful barks, ran freely alongside its playful companions in the fenced-in recreation area.",True
"The energetic, wagging creature ran circles around its owner on the lush green grass of the park, chasing after a flying ball.",True
The mischievous household pet with a wagging tail and floppy ears had a sneaky habit of snatching unguarded snacks from the kitchen counter.,True
"As soon as the front door opened, the tail-wagging bundle of fur rushed to greet its overjoyed owner with a sloppy lick on the hand and a snuggle.",True
"The frightened family pet cowered under the bed, its tail tucked between its legs as the loud thunder boomed outside.",True
"As the front door swung open, the furry companion's tail began wagging excitedly, and it let out a series of joyful yips as it rushed to nuzzle its owner's leg.",True
"The energetic, four-legged creature sprinted across the lawn, its tail wagging excitedly as it pursued the quick and agile squirrel up the tall oak tree.",True
"A furry, tail-wagging companion is currently running around the backyard, chasing after a ball.",True
"The furry household companion stood by the kitchen, its tail wagging excitedly as it awaited the nightly serving of its favorite meal.",True
"The furry, four-legged companion ran excitedly along the shoreline, chasing after seagulls and splashing in the waves as its tail wagged wildly with joy.",True
"The faded black and white photograph, creased and worn from years of handling, captured a moment in time that had long since passed, yet still seemed to exude a sense of warmth and vitality.",False
"The faded old photograph, torn and creased with age, still managed to capture the vibrant smiles and twinkling eyes of the family gathered together on a long-forgotten summer day.",False
"The spaceship soared through the galaxy, its sleek and silver hull glistening in the light of a nearby star.",False
"The dark clouds gathered and a fierce rainstorm swept through the city, bringing with it powerful winds and heavy rainfall that flooded the streets.",False
"The hikers trudged wearily up the steep mountain trail, their backpacks heavy with supplies and their spirits lifted by the breathtaking views unfolding before them.",False
The street was lined with tall trees and old brick buildings that seemed to whisper stories of the city's rich history to passersby.,False
"The library was a vast, quiet repository of knowledge, filled with rows upon rows of books, journals, and other resources that seemed to stretch on forever.",False
"The spaceship, named Aurora, was a marvel of modern technology with its sleek design and advanced propulsion system that enabled it to travel to distant galaxies at incredible speeds.",False
The highway was brought to a standstill by a massive traffic jam that stretched for miles in every direction.,False
"The steep and winding trail led hikers up the rugged mountain face, where breathtaking views of the surrounding landscape awaited at the summit.",False
"The highway was completely gridlocked due to a multi-vehicle accident, causing a massive traffic jam that stretched for miles in every direction.",False
"The birthday party was filled with laughter and excitement as friends and family gathered to celebrate another year of life with cake, gifts, and games.",False
The stock market is a complex system where companies raise capital by issuing shares of stock and investors buy and sell those shares in hopes of earning a profit.,False
"The old photograph, with its faded colors and creased edges, depicted a happy family standing together in front of a rustic farmhouse nearly a century ago.",False
"As I began cooking dinner, the aroma of sautéed onions and garlic filled the kitchen, teasing my taste buds and building my anticipation for the meal to come.",False
"The stock market is a complex and dynamic system where stocks, bonds, and other securities are bought and sold, with prices fluctuating based on supply and demand.",False
"The steep and winding trail led to a breathtaking panoramic view from the summit of the mountain, where hikers could see for miles in every direction.",False
"The highway was completely gridlocked due to a multi-vehicle accident, causing a massive traffic jam that stretched for miles in every direction.",False
"The stock market is a complex and constantly fluctuating system where companies raise capital by issuing shares of stock to investors, who then buy and sell those shares in hopes of earning a profit.",False
"The old library was a quiet and peaceful place where people could go to read, study, and escape into different worlds through the pages of a book.",False
"As I climbed higher up the mountain, the air grew thinner and the trees gave way to rocky outcroppings and breathtaking views of the valley below.",False
"The city street was lined with tall skyscrapers, bustling sidewalks, and a constant stream of cars honking their horns.",False
"The stock market is a complex and ever-changing system where investors buy and sell shares of companies, influencing the overall economy and individual financial portfolios.",False
The aroma of freshly brewed coffee filled the air as she lifted the steaming cup to her lips.,False
The highway was completely blocked due to a massive traffic jam caused by a multi-vehicle accident during rush hour.,False
"As I climbed higher up the mountain, the trees gave way to rocky outcroppings and the air grew thinner, with the sound of a distant waterfall echoing through the stillness.",False
"The library was a quiet and peaceful place where people could go to read, study, and borrow books from its vast collection.",False
The highway was completely blocked by a massive traffic jam that stretched for miles in every direction.,False
"The local library was a vast, quiet space filled with rows of novels, textbooks, and educational resources that catered to people of all ages and interests.",False
"The once-reliable sedan now sat motionless in the driveway, its broken engine a testament to years of wear and tear.",False
"The stock market is a complex system where individuals and institutions buy and sell shares of publicly traded companies, often with the goal of generating long-term wealth and financial returns.",False
"The local library was a vast and quiet space filled with shelves upon shelves of books, magazines, and other literary treasures.",False
"The old sedan had finally broken down on the side of the road, its engine sputtering to a stop after months of struggling to run smoothly.",False
"As the car wound its way through the rolling hills, the excited dog stuck its head out the window, tongue flapping in the wind, taking in the sights and sounds of the open road.",True
"The dog lay quietly on its side, its gentle snores filling the room as it slept peacefully.",True
"As the car wound its way through the rolling hills, the excited dog stuck its head out the window, tongue flapping in the wind, taking in the sights and smells of the open road.",True
"A fluffy golden retriever is running around the backyard, chasing after a ball that its owner had tossed across the lawn.",True
"The dog stood patiently by its food bowl, its tail wagging excitedly as it waited for its owner to serve its dinner.",True
"As the dog ran swiftly through the park, it suddenly spotted a quick and agile squirrel darting up the trunk of a tall oak tree.",True
"As the dog cautiously approached the playful little ball of fur, it couldn't help but wag its tail in excitement at the prospect of having a new puppy to play with.",True
"With patience and practice, the energetic puppy finally mastered the complex trick of shaking hands with her owner on command.",True
The sneaky dog snatched a steak right off the kitchen counter when no one was looking.,True
"A playful golden retriever ran around the park, chasing after a ball that its owner had thrown across the lush green grass.",True
"The dog, normally calm and composed, whimpered and trembled with fear as the thunderstorm raged outside, its loud thunderclaps and flashes of lightning causing the poor animal immense distress.",True
"As the dog wagged its tail in excitement, it gently approached the playful little puppy that had just been introduced to the household.",True
"The dog was sprawled out on its side, fast asleep with its legs twitching occasionally as it chased after dream prey.",True
"With patience and persistence, the dog finally mastered the trick of rolling over on command, earning itself a plethora of treats and praise from its delighted owner.",True
"The dog cowered under the bed, its ears folded back and its tail tucked between its legs as the loud thunder boomed outside.",True
"As the family set off on their summer vacation, their excited golden retriever, Max, stuck his head out the car window, letting the wind ruffle his fur.",True
"A fluffy brown dog sprinted across the lawn, barking loudly as it chased a quick and agile squirrel up a nearby tree.",True
"The fluffy white dog ran playfully through the deep snow, its tail wagging excitedly as it left a trail of tiny paw prints behind.",True
"As the family set off on their cross-country road trip, their excited dog, Max, stuck his head out the car window, ears flapping in the wind.",True
"The dog stood nervously in the bathtub, water dripping from its fur as it awaited the inevitable scrubbing and rinsing that came with its regular bath time routine.",True
"As the car wound its way down the highway, the dog stuck its head out the window, tongue flapping in the wind, taking in the sights and sounds of the open road.",True
"The dog was sleeping peacefully on its favorite cushion, its gentle snores filling the quiet room.",True
"The dog stood nervously in the bathtub, its tail tucked between its legs, as the warm water and shampoo were poured over its dirty coat.",True
"As the owner walked through the front door, the dog eagerly ran to greet them, its tail wagging wildly with excitement and affection.",True
"The dog whined nervously as it lay on the examination table, its tail tucked between its legs as the vet began the checkup.",True
"As the dog ran around the corner, it spotted a squirrel darting up a nearby tree and took off in hot pursuit.",True
"The dog ran quickly through the deep snow, its little paws leaving behind a trail of tiny footprints in the pristine winter landscape.",True
"The sneaky dog snuck into the kitchen and quickly snatched a freshly baked cookie right off the counter, running away with its prize before anyone could catch it.",True
"The dog stood nervously in the bathtub as the warm water and gentle shampoo began to wash away the dirt and debris that had accumulated in his thick, fluffy coat.",True
"The enthusiastic golden retriever, Max, quickly picked up the new trick of rolling over on command after just a few patient training sessions with his owner.",True
"As the dog's tail wagged curiously, it gently approached the new puppy, who was trembling with excitement and uncertainty in the corner of the room.",True
The sneaky dog snuck into the kitchen and snatched a freshly baked cookie right off the counter before anyone could even react.,True
"The family dog, a playful golden retriever, was running around the backyard, chasing after a ball that had been thrown by one of the children.",True
"As the sun beat down on the shore, a playful dog ran along the water's edge, its tail wagging wildly as it chased after seagulls.",True
"The furry, four-legged creature bounded through the winter wonderland, its tail wagging excitedly as it explored the fresh, pristine snow.",True
"The enthusiastic and gentle household companion cautiously approached the playful little ball of fluff that had just joined the family, sniffing and wagging its tail in curiosity.",True
"The furry patient trembled with anxiety as it lay on the examination table, its tail tucked between its legs.",True
"As the family's faithful four-legged companion stuck its head out the car window, the wind blowing through its fur, it let out a joyful bark.",True
"The furry family pet reluctantly stepped into the tub, its tail wagging nervously as it prepared for a much-needed scrubbing and rinsing.",True
"The furry creature in the backyard was running around in circles, barking loudly and chasing its tail with reckless abandon.",True
"The furry, four-legged creature sat patiently by its empty food bowl, its tail wagging excitedly in anticipation of the evening meal.",True
"The furry, tail-wagging companion stood by the kitchen, its ears perked up in anticipation of the evening meal.",True
"The furry, four-legged companion ran excitedly around the green grass, chasing after a ball that its owner had thrown across the park.",True
"The tail-wagging bundle of fur rushed to the front door, yelping with excitement, as its owner walked in from a long day away.",True
"The furry bundle of energy, with its fluffy coat and wagging tail, pranced and played in the freshly fallen snow, leaving behind a trail of tiny footprints.",True
"The energetic, tail-wagging companion cautiously approached the tiny, fluffy ball of fur that had just been introduced to the household.",True
"The energetic, four-legged companion quickly picked up the command to roll over, earning enthusiastic praise and a tasty reward from its delighted owner.",True
"As the front door opened, the furry bundle of energy rushed to greet its owner with a wagging tail and shower of sloppy kisses.",True
"The furry, four-legged companion ran excitedly along the shoreline, chasing after seagulls and playing in the waves as its tail wagged wildly with joy.",True
"The furry, tail-wagging household member stood by the kitchen, eagerly anticipating the serving of its evening meal.",True
"As the front door swung open, a furry bundle of energy and affection rushed forward, tail wagging wildly, to greet its overjoyed owner with a sloppy kiss and enthusiastic nuzzle.",True
"As the family's furry companion stuck its head out the window, its floppy ears flapping in the wind, it let out a joyful yelp at the passing scenery.",True
"The frightened family pet cowered under the bed, its tail tucked between its legs as the loud thunder boomed outside.",True
"The furry creature with a wagging tail and floppy ears is currently running around the backyard, chasing after a ball.",True
"The furry creature with a wagging tail and floppy ears ran excitedly around the grassy playground, chasing after sticks and balls thrown by its joyful owner.",True
"The excited, tail-wagging companion, with its fluffy coat and joyful demeanor, bounded over to greet the tiny, yapping ball of fur that had just entered the house.",True
"The furry creature lay stretched out on its side, paws twitching occasionally as it snoozed peacefully on the soft cushion.",True
"The tail-wagging bundle of fur eagerly awaited its owner's arrival, showering them with affectionate licks and snuggles the moment they walked through the door.",True
"The energetic, wagging creature ran circles around its owner on the lush green grass of the park, chasing after a flying ball.",True
"The furry, four-legged passenger stuck its head out the car window, tongue flapping in the wind as the family traveled down the highway.",True
"The playful furry creature ran around the park, chasing after sticks and balls thrown by its enthusiastic owner.",True
"The energetic ball of fur ran wildly around the enclosed grassy area, wagging its tail and barking loudly as it played with its new friends.",True
"As the front door swung open, the enthusiastic household pet, tail wagging furiously, rushed to greet its owner with a joyful barrage of barks and affectionate licks.",True
"The furry creature ran around the grassy field, its tail wagging wildly as it chased after a ball.",True
"A fluffy, tail-wagging companion with a patchy brown coat cautiously approached a tiny, energetic ball of fur with big, round eyes and a wagging tail.",True
"The furry, four-legged friend bounded through the deep snow, its tail wagging excitedly as it left tracks in the pristine winter landscape.",True
The furry household thief was notorious for snatching unattended snacks from the kitchen counter with lightning-fast stealth.,True
"The sun cast a warm glow over the bustling city street, lined with tall skyscrapers, quaint shops, and vendor carts selling everything from fresh flowers to steaming street food.",False
"The spaceship, with its sleek metallic hull and vibrant blue engines, soared through the galaxy at incredible speeds, leaving a trail of glittering stardust in its wake.",False
"The dark clouds gathered quickly, unleashing a torrent of rain that pounded against the windows and threatened to flood the streets.",False
"The stock market can be highly unpredictable and volatile, with stock prices fluctuating rapidly in response to various economic and financial factors.",False
"The bustling city street was lined with tall skyscrapers, quaint shops, and eclectic street performers that drew in large crowds of curious onlookers.",False
The colorful balloons and streamers that decorated the room added to the excitement and joy of the birthday party.,False
"The old sedan had been sitting in the driveway for weeks, its broken transmission rendering it completely useless.",False
"The steep and winding mountain trail led me through a dense forest of towering trees and colorful wildflowers, eventually giving way to a breathtaking summit view.",False
"The old library, with its tall shelves and musty smell, was a place where people could escape into the pages of a good book and discover new worlds.",False
"The steep and winding trail led hikers up the rugged mountain face, where breathtaking views of the surrounding landscape awaited at the summit.",False
"The dark sky was filled with heavy clouds that unleashed a torrent of rain, pounding against the windows and roofs of the city with relentless intensity.",False
"The dark sky unleashed a torrent of rain, pounding against the pavement and drumming a soothing melody on the roofs of the houses.",False
"The old sedan had been broken down on the side of the road for days, its once shiny paint now faded and covered in a thick layer of dust.",False
"The old library was a quiet and cozy place where people could go to read, research, and borrow books from its vast collection.",False
"The spaceship, named Aurora, soared through the galaxy, its sleek design and advanced technology making it nearly invisible as it approached the distant planet of Xylophia-IV.",False
"The library was a quiet and peaceful place, filled with rows of shelves containing thousands of books on various subjects and topics.",False
"The rich aroma of freshly brewed coffee filled the air as she lifted the steaming cup to her lips, savoring the warmth and flavor of the morning's first sip.",False
"The old sedan had been sitting in the driveway for weeks, its broken engine a constant reminder of the expensive repair bill that was still unpaid.",False
"The stock market is a complex and volatile system where shares of publicly traded companies are bought and sold, with prices influenced by a wide range of factors including economic indicators, company performance, and investor sentiment.",False
"She spent the afternoon in the kitchen, carefully preparing a delicious homemade pasta dish with fresh vegetables and a rich sauce for dinner.",False
"As the evening approached, she began preparing a delicious homemade pasta dinner with a rich tomato sauce and freshly grated parmesan cheese.",False
"The spaceship, named Aurora, was a magnificent vessel with advanced technology and a skilled crew that had been traveling through the galaxy for nearly two decades.",False
"The highway was completely gridlocked, with cars and trucks stalled for miles in every direction due to a multi-vehicle accident.",False
"The spaceship, named Aurora, had been traveling through the vast expanse of space for nearly two decades in search of a new home for humanity.",False
The room was filled with the sound of laughter and music as friends and family gathered to celebrate Emily's 30th birthday with a big party.,False
The room was filled with the sound of laughter and music as friends and family gathered to celebrate Sarah's 30th birthday with a big party.,False
"The faded old photograph, with its torn edges and yellowed borders, depicted a smiling family gathered together on a long-forgotten summer day.",False
She carefully followed the recipe to cook a delicious homemade dinner for her family.,False
The room was filled with the joyful sounds of laughter and music as friends and family gathered to celebrate Sarah's 30th birthday with a huge party.,False
"The group of hikers slowly made their way up the steep, winding trail, taking in the breathtaking views of the valley below as they climbed higher up the mountain.",False
The aroma of freshly brewed coffee filled the air as she carefully lifted the steaming cup to her lips.,False
"As I stood in the kitchen, the aroma of sizzling vegetables and baking chicken filled the air, signaling that dinner would be ready soon.",False
She carefully followed a new recipe to cook a delicious homemade dinner for her family.,False
